Workbook

Sheet Employee_Master_Raw
A1: Employee ID | B1: Employee Name | C1: Gender | D1: Age | E1: Department | F1: Job Role | G1: Location | H1: Joining Date | I1: Education | J1: Years of Experience | K1: Manager
A2: EMP10333 | B2: Priya Menon | C2: Male | D2: 30 | E2: Marketing | F2: Specialist | G2: Pune | H2: 45792 | I2: MBA | J2: 2 | K2: Sneha Thomas
A3: EMP12572 | B3: Amit Das | C3: Female | D3: 27 | E3: Operations | F3: Developer | G3: Kochi | H3: 43046 | I3: Bachelor's | J3: 13 | K3: Priya Sharma
A4: EMP12700 | B4: Ananya Sharma | C4: Male | D4: 54 | E4: Operations | F4: Analyst | G4: Delhi | H4: 45396 | I4: Bachelor's | J4: 15 | K4: Anil Menon
A5: EMP10337 | B5: Amit Das | C5: Female | D5: 42 | E5: IT | F5: Developer | G5: Chennai | H5: 45680 | I5: Bachelor's | J5: 13 | K5: Unknown
A6: EMP11917 | B6: Priya Menon | C6: Male | D6: 47 | E6: Sales | F6: Analyst | G6: Hyderabad | H6: 42615 | I6: Bachelor's | J6: 17 | K6: Sneha Thomas
A7: EMP11903 | B7: Kiran Patel | C7: Female | D7: 34 | E7: Finance | F7: Specialist | G7: Mumbai | H7: 44478 | I7: MBA | J7: 8 | K7: Anil Menon
A8: EMP11719 | B8: Rahul Kumar | C8: Male | D8: 38 | E8: IT | F8: Executive | G8: Bangalore | H8: 42981 | I8: MCA | J8: 3 | K8: Priya Sharma
A9: EMP12186 | B9: Priya Menon | C9: Female | D9: 54 | E9: Marketing | F9: Developer | G9: Delhi | H9: 42917 | I9: MCA | J9: 10 | K9: Sneha Thomas
A10: EMP10266 | B10: Neha Thomas | C10: Female | D10: 24 | E10: IT | F10: Specialist | G10: Delhi | H10: 43903 | I10: MCA | J10: 6 | K10: Sneha Thomas
A11: EMP11309 | B11: Rahul Kumar | C11: Female | D11: 51 | E11: Finance | F11: Executive | G11: Kochi | H11: 42445 | I11: MCA | J11: 2 | K11: Sneha Thomas
A12: EMP10931 | B12: Neha Thomas | C12: Female | D12: 24 | E12: IT | F12: Manager | G12: Kochi | H12: 43102 | I12: MBA | J12: 13 | K12: Unknown
A13: EMP11482 | B13: Ananya Sharma | C13: Male | D13: 29 | E13: Finance | F13: Manager | G13: Bangalore | H13: 44234 | I13: MCA | J13: 18 | K13: Anil Menon
... A164: EMP10172 | B164: Ananya Sharma | C164: Female | D164: 33 | E164: Operations | F164: Developer | G164: Chennai | H164: 42710 | I164: MBA | J164: 16 | K164: Sneha Thomas
A165: EMP12013 | B165: Arjun Nair | C165: Female | D165: 23 | E165: Finance | F165: Developer | G165: Chennai | I165: Master's | J165: 10 | K165: Rahul Nair
A166: EMP11611 | B166: Sneha Iyer | C166: Male | D166: 23 | E166: IT | F166: Executive | G166: Pune | H166: 43087 | I166: Master's | J166: 1 | K166: Rahul Nair
A167: EMP11764 | B167: Neha Thomas | C167: Male | D167: 57 | E167: Marketing | F167: Specialist | G167: Hyderabad | H167: 42818 | I167: Bachelor's | J167: 14 | K167: Priya Sharma
A168: EMP12371 | B168: Ananya Sharma | C168: Female | D168: 59 | E168: Operations | F168: Analyst | G168: Pune | H168: 45096 | I168: Master's | J168: 0 | K168: Priya Sharma
A169: EMP11625 | B169: Neha Thomas | C169: Male | D169: 56 | E169: Customer Support | F169: Analyst | G169: Chennai | H169: 44836 | I169: MCA | J169: 9 | K169: Anil Menon
A170: EMP12278 | B170: Ananya Sharma | C170: Female | D170: 49 | E170: FINANCE | F170: Specialist | G170: Hyderabad | H170: 43693 | I170: MCA | J170: 6 | K170: Priya Sharma
A171: EMP11976 | B171: Ananya Sharma | C171: Female | D171: 39 | E171: HR | F171: Analyst | G171: Bangalore | H171: 45344 | I171: MCA | J171: 0 | K171: Sneha Thomas
A172: EMP12176 | B172: Sneha Iyer | C172: Male | D172: 45 | E172: IT | F172: Executive | G172: Hyderabad | H172: 45400 | I172: Bachelor's | J172: 2 | K172: Priya Sharma
A173: EMP12217 | B173: Rahul Kumar | C173: Female | D173: 44 | E173: Sales | F173: Analyst | G173: Mumbai | H173: 44153 | I173: MCA | J173: 7 | K173: Priya Sharma
A174: EMP10581 | B174: Ananya Sharma | C174: Female | D174: 39 | E174: Sales | F174: Manager | G174: Chennai | H174: 45790 | I174: Bachelor's | J174: 7 | K174: Sneha Thomas
A175: EMP12833 | B175: Priya Menon | C175: Female | D175: 59 | E175: Marketing | F175: Manager | G175: Mumbai | H175: 46006 | I175: MBA | J175: 2 | K175: Rahul Nair
A176: EMP10678 | B176: Ananya Sharma | C176: Female | D176: 32 | E176: Finance | F176: Analyst | G176: Pune | H176: 44483 | I176: Bachelor's | J176: 15 | K176: Rahul Nair
A177: EMP11158 | B177: Sneha Iyer | C177: Male | D177: 50 | E177: FINANCE | F177: Developer | G177: Delhi | H177: 42808 | I177: Bachelor's | J177: 5 | K177: Priya Sharma
... A189: EMP10153 | B189: Amit Das | C189: Male | D189: 47 | E189: IT | F189: Specialist | G189: Hyderabad | H189: 43649 | I189: Master's | J189: 12 | K189: Sneha Thomas
A190: EMP12293 | B190: Arjun Nair | C190: Male | D190: 23 | E190: Operations | F190: Analyst | G190: Mumbai | I190: Master's | J190: 9 | K190: Anil Menon
A191: EMP12764 | B191: Ananya Sharma | C191: Male | D191: 33 | E191: HR | F191: Executive | G191: Delhi | H191: 44614 | I191: MCA | J191: 9 | K191: Sneha Thomas
A192: EMP12782 | B192: Amit Das | C192: Male | D192: 29 | E192: Customer Support | F192: Executive | G192: Pune | H192: 44865 | I192: Master's | J192: 16 | K192: Sneha Thomas
A193: EMP11965 | B193: Sneha Iyer | C193: Female | D193: 23 | E193: IT | F193: Manager | G193: Mumbai | H193: 43673 | I193: Master's | J193: 5 | K193: Anil Menon
A194: EMP12075 | B194: Kiran Patel | C194: Male | D194: 53 | E194: HR | F194: Developer | G194: Kochi | H194: 45799 | I194: Master's | J194: 17 | K194: Rahul Nair
A195: EMP10335 | B195: Rahul Kumar | C195: Male | D195: 23 | E195: Customer Support | F195: Specialist | G195: Hyderabad | I195: MCA | J195: 17 | K195: Rahul Nair
A196: EMP11026 | B196: Ananya Sharma | C196: Male | D196: 60 | E196: HR | F196: Analyst | G196: Mumbai | H196: 43284 | I196: MBA | J196: 5 | K196: Sneha Thomas
A197: EMP11062 | B197: Kiran Patel | C197: Male | D197: 22 | E197: Finance | F197: Executive | G197: Mumbai | H197: 44348 | I197: Master's | J197: 3 | K197: Priya Sharma
A198: EMP10588 | B198: Ananya Sharma | C198: Female | D198: 40 | E198: Customer Support | F198: Developer | G198: Chennai | H198: 42671 | I198: MCA | J198: 13 | K198: Rahul Nair
A199: EMP10759 | B199: Arjun Nair | C199: Male | D199: 32 | E199: Customer Support | F199: Developer | G199: Hyderabad | H199: 42844 | I199: Bachelor's | J199: 11 | K199: Anil Menon
A200: EMP11799 | B200: Rahul Kumar | C200: Male | D200: 42 | E200: Finance | F200: Manager | G200: Delhi | H200: 43571 | I200: Master's | J200: 8 | K200: Priya Sharma
A201: EMP11486 | B201: Sneha Iyer | C201: Male | D201: 55 | E201: IT | F201: Analyst | G201: Delhi | H201: 44474 | I201: MBA | J201: 4 | K201: Sneha Thomas
A202: EMP10756 | B202: Rahul Kumar | C202: Male | D202: 57 | E202: Marketing | F202: Developer | G202: Pune | H202: 43008 | I202: Unknown | J202: 18 | K202: Priya Sharma
A203: EMP11621 | B203: Priya Menon | C203: Female | D203: 58 | E203: IT | F203: Specialist | G203: Pune | H203: 45250 | I203: MCA | J203: 11 | K203: Rahul Nair
A204: EMP12139 | B204: Neha Thomas | C204: Male | D204: 56 | E204: Sales | F204: Analyst | G204: Kochi | H204: 43457 | I204: MBA | J204: 3 | K204: Sneha Thomas
A205: EMP11417 | B205: Kiran Patel | C205: Male | D205: 53 | E205: HR | F205: Manager | G205: Pune | H205: 44926 | I205: MCA | J205: 19 | K205: Anil Menon
A206: EMP12600 | B206: Rahul Kumar | C206: Female | D206: 48 | E206: IT | F206: Specialist | G206: Chennai | H206: 45976 | I206: Master's | J206: 13 | K206: Rahul Nair
A207: EMP12691 | B207: Kiran Patel | C207: Male | D207: 34 | E207: Finance | F207: Specialist | G207: Bangalore | H207: 45915 | I207: MBA | J207: 19 | K207: Anil Menon
... A214: EMP11265 | B214: Arjun Nair | C214: Female | D214: 41 | E214: Marketing | F214: Specialist | G214: Bangalore | H214: 44886 | I214: MBA | J214: 16 | K214: Anil Menon
A215: EMP12393 | B215: Neha Thomas | C215: Female | D215: 58 | E215: HR | F215: Specialist | G215: Kochi | I215: MCA | J215: 20 | K215: Anil Menon
A216: EMP10348 | B216: Amit Das | C216: Male | D216: 60 | E216: HR | F216: Manager | G216: Chennai | H216: 42955 | I216: MCA | J216: 11 | K216: Anil Menon
A217: EMP12332 | B217: Sneha Iyer | C217: Female | D217: 30 | E217: Marketing | F217: Manager | G217: Mumbai | H217: 45852 | I217: MBA | J217: 13 | K217: Priya Sharma
A218: EMP11172 | B218: Kiran Patel | C218: Male | D218: 53 | E218: IT | F218: Executive | G218: Pune | H218: 45490 | I218: MCA | J218: 6 | K218: Priya Sharma
A219: EMP12033 | B219: Ananya Sharma | C219: Male | D219: 46 | E219: Marketing | F219: Manager | G219: Mumbai | H219: 45990 | I219: Unknown | J219: 18 | K219: Priya Sharma
A220: EMP11267 | B220: Ananya Sharma | C220: Male | D220: 51 | E220: IT | F220: Specialist | G220: Kochi | H220: 45024 | I220: Bachelor's | J220: 17 | K220: Rahul Nair
A221: EMP10271 | B221: Priya Menon | C221: Male | D221: 41 | E221: Customer Support | F221: Developer | G221: Mumbai | H221: 43871 | I221: Master's | J221: 3 | K221: Priya Sharma
A222: EMP12117 | B222: Amit Das | C222: Male | D222: 25 | E222: IT | F222: Developer | G222: Hyderabad | I222: Master's | J222: 17 | K222: Priya Sharma
A223: EMP12912 | B223: Ananya Sharma | C223: Male | D223: 34 | E223: Marketing | F223: Manager | G223: Chennai | H223: 45220 | I223: MBA | J223: 11 | K223: Priya Sharma
A224: EMP12631 | B224: Amit Das | C224: Male | D224: 38 | E224: Marketing | F224: Manager | G224: Chennai | H224: 42660 | I224: MCA | J224: 0 | K224: Priya Sharma
A225: EMP12134 | B225: Rahul Kumar | C225: Male | D225: 32 | E225: Marketing | F225: Specialist | G225: Delhi | H225: 43817 | I225: Master's | J225: 16 | K225: Rahul Nair
A226: EMP11156 | B226: Neha Thomas | C226: Male | D226: 31 | E226: HR | F226: Specialist | G226: Kochi | H226: 44862 | I226: MBA | J226: 20 | K226: Priya Sharma
A227: EMP12946 | B227: Ananya Sharma | C227: Male | D227: 46 | E227: Sales | F227: Executive | G227: Pune | H227: 45173 | I227: MCA | J227: 1 | K227: Priya Sharma
A228: EMP10080 | B228: Kiran Patel | C228: Male | D228: 46 | E228: IT | F228: Manager | G228: Kochi | H228: 42532 | I228: MCA | J228: 12 | K228: Sneha Thomas
A229: EMP10585 | B229: Rahul Kumar | C229: Female | D229: 50 | E229: Operations | F229: Developer | G229: Pune | H229: 45299 | I229: MCA | J229: 11 | K229: Rahul Nair
A230: EMP12526 | B230: Priya Menon | C230: Male | D230: 32 | E230: Operations | F230: Manager | G230: Kochi | H230: 42612 | I230: Bachelor's | J230: 4 | K230: Rahul Nair
A231: EMP10316 | B231: Kiran Patel | C231: Female | D231: 23 | E231: Finance | F231: Analyst | G231: Pune | H231: 42762 | I231: MCA | J231: 15 | K231: Priya Sharma
A232: EMP12252 | B232: Neha Thomas | C232: Male | D232: 27 | E232: Marketing | F232: Developer | G232: Bangalore | H232: 43473 | I232: Master's | J232: 4 | K232: Anil Menon
A233: EMP10319 | B233: Amit Das | C233: Male | D233: 39 | E233: Sales | F233: Executive | G233: Hyderabad | H233: 43134 | I233: Bachelor's | J233: 2 | K233: Priya Sharma
A234: EMP10915 | B234: Neha Thomas | C234: Male | D234: 28 | E234: Sales | F234: Analyst | G234: Chennai | H234: 42503 | I234: MBA | J234: 20 | K234: Anil Menon
... A380: EMP12044 | B380: Kiran Patel | C380: Female | D380: 28 | E380: HR | F380: Developer | G380: Chennai | H380: 43410 | I380: Bachelor's | J380: 9 | K380: Priya Sharma
A381: EMP11182 | B381: Amit Das | C381: Male | D381: 53 | E381: IT | F381: Executive | G381: Chennai | I381: MBA | J381: 13 | K381: Priya Sharma
A382: EMP11023 | B382: Sneha Iyer | C382: Female | D382: 45 | E382: Marketing | F382: Analyst | G382: Unknown | H382: 43240 | I382: MBA | J382: 19 | K382: Priya Sharma
A383: EMP11237 | B383: Ananya Sharma | C383: Female | D383: 54 | E383: Customer Support | F383: Developer | G383: Kochi | H383: 42885 | I383: Bachelor's | J383: 7 | K383: Sneha Thomas
A384: EMP12513 | B384: Amit Das | C384: Female | D384: 54 | E384: HR | F384: Executive | G384: Kochi | H384: 42731 | I384: Master's | J384: 7 | K384: Anil Menon
A385: EMP12172 | B385: Kiran Patel | C385: Male | D385: 57 | E385: Customer Support | F385: Specialist | G385: Chennai | H385: 45326 | I385: MCA | J385: 15 | K385: Priya Sharma
A386: EMP12401 | B386: Ananya Sharma | C386: Female | D386: 48 | E386: IT | F386: Analyst | G386: Chennai | H386: 45219 | I386: MCA | J386: 20 | K386: Rahul Nair
A387: EMP11090 | B387: Arjun Nair | C387: Female | D387: 34 | E387: HR | F387: Executive | G387: Delhi | H387: 44553 | I387: MBA | J387: 9 | K387: Sneha Thomas
A388: EMP11698 | B388: Arjun Nair | C388: Male | D388: 30 | E388: Marketing | F388: Executive | G388: Bangalore | H388: 43752 | I388: Master's | J388: 0 | K388: Sneha Thomas
A389: EMP11344 | B389: Neha Thomas | C389: Male | D389: 45 | E389: Marketing | F389: Executive | G389: Mumbai | H389: 45901 | I389: MBA | J389: 19 | K389: Priya Sharma
A390: EMP12307 | B390: Priya Menon | C390: Male | D390: 39 | E390: HR | F390: Developer | G390: Chennai | H390: 42928 | I390: Bachelor's | J390: 4 | K390: Sneha Thomas
A391: EMP11711 | B391: Priya Menon | C391: Male | D391: 31 | E391: IT | F391: Analyst | G391: Mumbai | H391: 44311 | I391: MBA | J391: 5 | K391: Rahul Nair
A392: EMP12395 | B392: Rahul Kumar | C392: Female | D392: 24 | E392: Marketing | F392: Manager | G392: Unknown | H392: 43935 | I392: MCA | J392: 9 | K392: Rahul Nair
A393: EMP10457 | B393: Arjun Nair | C393: Female | D393: 32 | E393: Finance | F393: Executive | G393: Bangalore | H393: 45246 | I393: Master's | J393: 7 | K393: Sneha Thomas
... A506: EMP11496 | B506: Rahul Kumar | C506: Female | D506: 56 | E506: HR | F506: Manager | G506: Bangalore | H506: 45636 | I506: Master's | J506: 7 | K506: Priya Sharma
A507: EMP11073 | B507: Sneha Iyer | C507: Female | D507: 45 | E507: IT | F507: Manager | G507: Pune | I507: Master's | J507: 4 | K507: Rahul Nair
A508: EMP10061 | B508: Amit Das | C508: Male | D508: 39 | E508: Marketing | F508: Manager | G508: Mumbai | H508: 43685 | I508: Bachelor's | J508: 12 | K508: Anil Menon
A509: EMP12011 | B509: Rahul Kumar | C509: Female | D509: 43 | E509: Sales | F509: Specialist | G509: Chennai | H509: 43770 | I509: Bachelor's | J509: 17 | K509: Sneha Thomas
A510: EMP10787 | B510: Ananya Sharma | C510: Male | D510: 46 | E510: Sales | F510: Analyst | G510: Mumbai | H510: 42827 | I510: Bachelor's | J510: 3 | K510: Rahul Nair
A511: EMP11880 | B511: Ananya Sharma | C511: Female | D511: 24 | E511: HR | F511: Executive | G511: Unknown | H511: 44949 | I511: MCA | J511: 7 | K511: Rahul Nair
A512: EMP11348 | B512: Kiran Patel | C512: Male | D512: 34 | E512: Finance | F512: Manager | G512: Hyderabad | H512: 44322 | I512: MCA | J512: 12 | K512: Rahul Nair
A513: EMP10070 | B513: Rahul Kumar | C513: Male | D513: 60 | E513: Sales | F513: Developer | G513: Chennai | H513: 44059 | I513: Bachelor's | J513: 6 | K513: Rahul Nair
A514: EMP10517 | B514: Amit Das | C514: Male | D514: 31 | E514: IT | F514: Developer | G514: Chennai | H514: 43357 | I514: MBA | J514: 16 | K514: Sneha Thomas
A515: EMP11999 | B515: Priya Menon | C515: Female | D515: 26 | E515: Sales | F515: Manager | G515: Chennai | H515: 43673 | I515: Master's | J515: 14 | K515: Anil Menon
A516: EMP10512 | B516: Kiran Patel | C516: Female | D516: 53 | E516: Sales | F516: Developer | G516: Delhi | H516: 43134 | I516: Master's | J516: 18 | K516: Unknown
A517: EMP12825 | B517: Neha Thomas | C517: Female | D517: 49 | E517: Sales | F517: Specialist | G517: Kochi | H517: 42965 | I517: Master's | J517: 2 | K517: Anil Menon
A518: EMP10987 | B518: Neha Thomas | C518: Male | D518: 42 | E518: Sales | F518: Manager | G518: Chennai | H518: 43911 | I518: MBA | J518: 18 | K518: Sneha Thomas
A519: EMP11781 | B519: Ananya Sharma | C519: Female | D519: 41 | E519: HR | F519: Executive | G519: Bangalore | H519: 42937 | I519: MCA | J519: 15 | K519: Rahul Nair
... A570: EMP11749 | B570: Sneha Iyer | C570: Female | D570: 44 | E570: Finance | F570: Analyst | G570: Kochi | H570: 44980 | I570: MCA | J570: 8 | K570: Anil Menon
A571: EMP10620 | B571: Arjun Nair | C571: Male | D571: 23 | E571: Marketing | F571: Specialist | G571: Bangalore | I571: MCA | J571: 7 | K571: Sneha Thomas
A572: EMP10103 | B572: Sneha Iyer | C572: Male | D572: 40 | E572: Sales | F572: Analyst | G572: Hyderabad | H572: 43782 | I572: Bachelor's | J572: 12 | K572: Priya Sharma
A573: EMP10908 | B573: Arjun Nair | C573: Female | D573: 22 | E573: Customer Support | F573: Executive | G573: Bangalore | H573: 44807 | I573: MCA | J573: 14 | K573: Sneha Thomas
A574: EMP12016 | B574: Priya Menon | C574: Female | D574: 27 | E574: IT | F574: Analyst | G574: Kochi | H574: 45947 | I574: Bachelor's | J574: 8 | K574: Anil Menon
...

Sheet HR_Metrics_Raw
A1: Employee ID | B1: Monthly Salary | C1: Performance Rating | D1: Job Satisfaction | E1: Attendance % | F1: Leave Days | G1: Leave Type | H1: Overtime | I1: Training Hours | J1: Promotion Status | K1: Attrition
A2: EMP11766 | B2: 69681 | C2: 5 | D2: 4 | E2: 0.884 | F2: 9 | G2: Casual | H2: No | I2: 43 | J2: No | K2: Yes
A3: EMP12494 | B3: 107903 | C3: 5 | D3: 1 | E3: 0.81 | F3: 4 | G3: Unpaid | H3: No | I3: 51 | J3: No | K3: No
A4: EMP11056 | B4: 148688 | C4: 2 | D4: 3 | E4: 0.901 | F4: 12 | G4: Casual | H4: No | I4: 11 | J4: No | K4: No
A5: EMP11933 | B5: 90364 | C5: 3 | D5: 10 | E5: 0.819 | F5: 8 | G5: Earned | H5: Yes | I5: 75 | J5: No | K5: No
A6: EMP11155 | B6: 58937 | C6: 5 | D6: 10 | E6: 0.836 | F6: 18 | G6: Sick | H6: No | I6: 62 | J6: No | K6: No
A7: EMP10332 | B7: 55294 | C7: 1 | D7: 1 | E7: 0.897 | F7: 23 | G7: Maternity/Paternity | H7: No | I7: 45 | J7: Yes | K7: No
A8: EMP12531 | B8: 179676 | C8: 3 | D8: 6 | E8: 1 | F8: 28 | G8: Casual | H8: No | I8: 60 | J8: No | K8: No
A9: EMP11621 | B9: 173440 | C9: 1 | D9: 5 | E9: 0.919 | F9: 1 | G9: Sick | H9: Yes | I9: 25 | J9: No | K9: No
A10: EMP12522 | B10: 37409 | C10: 4 | D10: 6 | E10: 0.976 | F10: 28 | G10: Unknown | H10: No | I10: 51 | J10: No | K10: No
A11: EMP11646 | B11: 105129 | C11: 5 | D11: 9 | E11: 0.917 | F11: 21 | G11: Maternity/Paternity | H11: No | I11: 35 | J11: No | K11: No
A12: EMP10183 | B12: 46078 | C12: 4 | D12: 3 | E12: 0.845 | F12: 23 | G12: Earned | H12: No | I12: 54 | J12: No | K12: No
A13: EMP11017 | B13: 53396 | C13: 1 | D13: 8 | E13: 1 | F13: 13 | G13: Maternity/Paternity | H13: No | I13: 17 | J13: No | K13: Yes
... A3001: EMP11147 | B3001: 126039 | C3001: 3 | D3001: 9 | E3001: 1 | F3001: 0 | G3001: Unpaid | H3001: Yes | I3001: 14 | J3001: No | K3001: No

Sheet Final_HR_Data
A1: Employee ID | B1: Emploee Name | C1: Gender | D1: Age | E1: Department | F1: Job Role | G1: Location | H1: Joining Date | I1: Education | J1: Years Of Experience | K1: Manager | L1: Monthly Salary | M1: Performance Rating | N1: Job Satisfaction | O1: Attendence % | P1: Leave Days | Q1: Leave Type | R1: Overtime | S1: Training Hours | T1: Promotion Status | U1: Attrition
A2: EMP11766 | B2: =VLOOKUP(Final_HR_Data!A2,Employee_Master_Raw!$1:$1048576,2,FALSE) -> Amit Das | C2: =VLOOKUP(A2,Employee_Master_Raw!$1:$1048576,3,FALSE) -> Male | D2: =VLOOKUP(A2,Employee_Master_Raw!$1:$1048576,4,FALSE) -> 49 | E2: =VLOOKUP(A2,Employee_Master_Raw!$1:$1048576,5,FALSE) -> Operations | F2: =VLOOKUP(A2,Employee_Master_Raw!$1:$1048576,6,FALSE) -> Executive | G2: =VLOOKUP(A2,Employee_Master_Raw!$1:$1048576,7,FALSE) -> Bangalore | H2: =IF(VLOOKUP(A2,Employee_Master_Raw!$1:$1048576,8,FALSE)=0,"",VLOOKUP(A2,Employee_Master_Raw!$1:$1048576,8,FALSE)) -> 44731 | I2: =VLOOKUP(A2,Employee_Master_Raw!$1:$1048576,9,FALSE) -> Master's | J2: =VLOOKUP(A2,Employee_Master_Raw!$1:$1048576,10,FALSE) -> 6 | K2: =VLOOKUP(A2,Employee_Master_Raw!$1:$1048576,11,FALSE) -> Rahul Nair | L2: =VLOOKUP(A2,HR_Metrics_Raw!$1:$1048576,2,FALSE) -> 69681 | M2: =VLOOKUP(A2,HR_Metrics_Raw!$1:$1048576,3,FALSE) -> 5 | N2: =VLOOKUP(A2,HR_Metrics_Raw!$1:$1048576,4,FALSE) -> 4 | O2: =VLOOKUP(A2,HR_Metrics_Raw!$1:$1048576,5,FALSE) -> 0.884 | P2: =VLOOKUP(A2,HR_Metrics_Raw!$1:$1048576,6,FALSE) -> 9 | Q2: =VLOOKUP(A2,HR_Metrics_Raw!$1:$1048576,7,FALSE) -> Casual | R2: =VLOOKUP(A2,HR_Metrics_Raw!$1:$1048576,8,FALSE) -> No | S2: =VLOOKUP(A2,HR_Metrics_Raw!$1:$1048576,9,FALSE) -> 43 | T2: =VLOOKUP(A2,HR_Metrics_Raw!$1:$1048576,10,FALSE) -> No | U2: =VLOOKUP(A2,HR_Metrics_Raw!$1:$1048576,11,FALSE) -> Yes
A3: EMP12494 | B3: =VLOOKUP(Final_HR_Data!A3,Employee_Master_Raw!$1:$1048576,2,FALSE) -> Neha Thomas | C3: =VLOOKUP(A3,Employee_Master_Raw!$1:$1048576,3,FALSE) -> Male | D3: =VLOOKUP(A3,Employee_Master_Raw!$1:$1048576,4,FALSE) -> 55 | E3: =VLOOKUP(A3,Employee_Master_Raw!$1:$1048576,5,FALSE) -> HR | F3: =VLOOKUP(A3,Employee_Master_Raw!$1:$1048576,6,FALSE) -> Developer | G3: =VLOOKUP(A3,Employee_Master_Raw!$1:$1048576,7,FALSE) -> Mumbai | H3: =IF(VLOOKUP(A3,Employee_Master_Raw!$1:$1048576,8,FALSE)=0,"",VLOOKUP(A3,Employee_Master_Raw!$1:$1048576,8,FALSE)) -> 42543 | I3: =VLOOKUP(A3,Employee_Master_Raw!$1:$1048576,9,FALSE) -> Master's | J3: =VLOOKUP(A3,Employee_Master_Raw!$1:$1048576,10,FALSE) -> 20 | K3: =VLOOKUP(A3,Employee_Master_Raw!$1:$1048576,11,FALSE) -> Priya Sharma | L3: =VLOOKUP(A3,HR_Metrics_Raw!$1:$1048576,2,FALSE) -> 107903 | M3: =VLOOKUP(A3,HR_Metrics_Raw!$1:$1048576,3,FALSE) -> 5 | N3: =VLOOKUP(A3,HR_Metrics_Raw!$1:$1048576,4,FALSE) -> 1 | O3: =VLOOKUP(A3,HR_Metrics_Raw!$1:$1048576,5,FALSE) -> 0.81 | P3: =VLOOKUP(A3,HR_Metrics_Raw!$1:$1048576,6,FALSE) -> 4 | Q3: =VLOOKUP(A3,HR_Metrics_Raw!$1:$1048576,7,FALSE) -> Unpaid | R3: =VLOOKUP(A3,HR_Metrics_Raw!$1:$1048576,8,FALSE) -> No | S3: =VLOOKUP(A3,HR_Metrics_Raw!$1:$1048576,9,FALSE) -> 51 | T3: =VLOOKUP(A3,HR_Metrics_Raw!$1:$1048576,10,FALSE) -> No | U3: =VLOOKUP(A3,HR_Metrics_Raw!$1:$1048576,11,FALSE) -> No
A4: EMP11056 | B4: =VLOOKUP(Final_HR_Data!A4,Employee_Master_Raw!$1:$1048576,2,FALSE) -> Amit Das | C4: =VLOOKUP(A4,Employee_Master_Raw!$1:$1048576,3,FALSE) -> Male | D4: =VLOOKUP(A4,Employee_Master_Raw!$1:$1048576,4,FALSE) -> 27 | E4: =VLOOKUP(A4,Employee_Master_Raw!$1:$1048576,5,FALSE) -> IT | F4: =VLOOKUP(A4,Employee_Master_Raw!$1:$1048576,6,FALSE) -> Analyst | G4: =VLOOKUP(A4,Employee_Master_Raw!$1:$1048576,7,FALSE) -> Pune | H4: =IF(VLOOKUP(A4,Employee_Master_Raw!$1:$1048576,8,FALSE)=0,"",VLOOKUP(A4,Employee_Master_Raw!$1:$1048576,8,FALSE)) -> 42672 | I4: =VLOOKUP(A4,Employee_Master_Raw!$1:$1048576,9,FALSE) -> MCA | J4: =VLOOKUP(A4,Employee_Master_Raw!$1:$1048576,10,FALSE) -> 0 | K4: =VLOOKUP(A4,Employee_Master_Raw!$1:$1048576,11,FALSE) -> Rahul Nair | L4: =VLOOKUP(A4,HR_Metrics_Raw!$1:$1048576,2,FALSE) -> 148688 | M4: =VLOOKUP(A4,HR_Metrics_Raw!$1:$1048576,3,FALSE) -> 2 | N4: =VLOOKUP(A4,HR_Metrics_Raw!$1:$1048576,4,FALSE) -> 3 | O4: =VLOOKUP(A4,HR_Metrics_Raw!$1:$1048576,5,FALSE) -> 0.901 | P4: =VLOOKUP(A4,HR_Metrics_Raw!$1:$1048576,6,FALSE) -> 12 | Q4: =VLOOKUP(A4,HR_Metrics_Raw!$1:$1048576,7,FALSE) -> Casual | R4: =VLOOKUP(A4,HR_Metrics_Raw!$1:$1048576,8,FALSE) -> No | S4: =VLOOKUP(A4,HR_Metrics_Raw!$1:$1048576,9,FALSE) -> 11 | T4: =VLOOKUP(A4,HR_Metrics_Raw!$1:$1048576,10,FALSE) -> No | U4: =VLOOKUP(A4,HR_Metrics_Raw!$1:$1048576,11,FALSE) -> No
A5: EMP11933 | B5: =VLOOKUP(Final_HR_Data!A5,Employee_Master_Raw!$1:$1048576,2,FALSE) -> Sneha Iyer | C5: =VLOOKUP(A5,Employee_Master_Raw!$1:$1048576,3,FALSE) -> Female | D5: =VLOOKUP(A5,Employee_Master_Raw!$1:$1048576,4,FALSE) -> 37 | E5: =VLOOKUP(A5,Employee_Master_Raw!$1:$1048576,5,FALSE) -> HR | F5: =VLOOKUP(A5,Employee_Master_Raw!$1:$1048576,6,FALSE) -> Executive | G5: =VLOOKUP(A5,Employee_Master_Raw!$1:$1048576,7,FALSE) -> Bangalore | H5: =IF(VLOOKUP(A5,Employee_Master_Raw!$1:$1048576,8,FALSE)=0,"",VLOOKUP(A5,Employee_Master_Raw!$1:$1048576,8,FALSE)) -> 42651 | I5: =VLOOKUP(A5,Employee_Master_Raw!$1:$1048576,9,FALSE) -> MCA | J5: =VLOOKUP(A5,Employee_Master_Raw!$1:$1048576,10,FALSE) -> 18 | K5: =VLOOKUP(A5,Employee_Master_Raw!$1:$1048576,11,FALSE) -> Priya Sharma | L5: =VLOOKUP(A5,HR_Metrics_Raw!$1:$1048576,2,FALSE) -> 90364 | M5: =VLOOKUP(A5,HR_Metrics_Raw!$1:$1048576,3,FALSE) -> 3 | N5: =VLOOKUP(A5,HR_Metrics_Raw!$1:$1048576,4,FALSE) -> 10 | O5: =VLOOKUP(A5,HR_Metrics_Raw!$1:$1048576,5,FALSE) -> 0.819 | P5: =VLOOKUP(A5,HR_Metrics_Raw!$1:$1048576,6,FALSE) -> 8 | Q5: =VLOOKUP(A5,HR_Metrics_Raw!$1:$1048576,7,FALSE) -> Earned | R5: =VLOOKUP(A5,HR_Metrics_Raw!$1:$1048576,8,FALSE) -> Yes | S5: =VLOOKUP(A5,HR_Metrics_Raw!$1:$1048576,9,FALSE) -> 75 | T5: =VLOOKUP(A5,HR_Metrics_Raw!$1:$1048576,10,FALSE) -> No | U5: =VLOOKUP(A5,HR_Metrics_Raw!$1:$1048576,11,FALSE) -> No
A6: EMP11155 | B6: =VLOOKUP(Final_HR_Data!A6,Employee_Master_Raw!$1:$1048576,2,FALSE) -> Priya Menon | C6: =VLOOKUP(A6,Employee_Master_Raw!$1:$1048576,3,FALSE) -> Male | D6: =VLOOKUP(A6,Employee_Master_Raw!$1:$1048576,4,FALSE) -> 37 | E6: =VLOOKUP(A6,Employee_Master_Raw!$1:$1048576,5,FALSE) -> Sales | F6: =VLOOKUP(A6,Employee_Master_Raw!$1:$1048576,6,FALSE) -> Developer | G6: =VLOOKUP(A6,Employee_Master_Raw!$1:$1048576,7,FALSE) -> Pune | H6: =IF(VLOOKUP(A6,Employee_Master_Raw!$1:$1048576,8,FALSE)=0,"",VLOOKUP(A6,Employee_Master_Raw!$1:$1048576,8,FALSE)) -> 42947 | I6: =VLOOKUP(A6,Employee_Master_Raw!$1:$1048576,9,FALSE) -> MCA | J6: =VLOOKUP(A6,Employee_Master_Raw!$1:$1048576,10,FALSE) -> 3 | K6: =VLOOKUP(A6,Employee_Master_Raw!$1:$1048576,11,FALSE) -> Rahul Nair | L6: =VLOOKUP(A6,HR_Metrics_Raw!$1:$1048576,2,FALSE) -> 58937 | M6: =VLOOKUP(A6,HR_Metrics_Raw!$1:$1048576,3,FALSE) -> 5 | N6: =VLOOKUP(A6,HR_Metrics_Raw!$1:$1048576,4,FALSE) -> 10 | O6: =VLOOKUP(A6,HR_Metrics_Raw!$1:$1048576,5,FALSE) -> 0.836 | P6: =VLOOKUP(A6,HR_Metrics_Raw!$1:$1048576,6,FALSE) -> 18 | Q6: =VLOOKUP(A6,HR_Metrics_Raw!$1:$1048576,7,FALSE) -> Sick | R6: =VLOOKUP(A6,HR_Metrics_Raw!$1:$1048576,8,FALSE) -> No | S6: =VLOOKUP(A6,HR_Metrics_Raw!$1:$1048576,9,FALSE) -> 62 | T6: =VLOOKUP(A6,HR_Metrics_Raw!$1:$1048576,10,FALSE) -> No | U6: =VLOOKUP(A6,HR_Metrics_Raw!$1:$1048576,11,FALSE) -> No
A7: EMP10332 | B7: =VLOOKUP(Final_HR_Data!A7,Employee_Master_Raw!$1:$1048576,2,FALSE) -> Priya Menon | C7: =VLOOKUP(A7,Employee_Master_Raw!$1:$1048576,3,FALSE) -> Female | D7: =VLOOKUP(A7,Employee_Master_Raw!$1:$1048576,4,FALSE) -> 48 | E7: =VLOOKUP(A7,Employee_Master_Raw!$1:$1048576,5,FALSE) -> IT | F7: =VLOOKUP(A7,Employee_Master_Raw!$1:$1048576,6,FALSE) -> Specialist | G7: =VLOOKUP(A7,Employee_Master_Raw!$1:$1048576,7,FALSE) -> Hyderabad | H7: =IF(VLOOKUP(A7,Employee_Master_Raw!$1:$1048576,8,FALSE)=0,"",VLOOKUP(A7,Employee_Master_Raw!$1:$1048576,8,FALSE)) -> 43821 | I7: =VLOOKUP(A7,Employee_Master_Raw!$1:$1048576,9,FALSE) -> MBA | J7: =VLOOKUP(A7,Employee_Master_Raw!$1:$1048576,10,FALSE) -> 1 | K7: =VLOOKUP(A7,Employee_Master_Raw!$1:$1048576,11,FALSE) -> Priya Sharma | L7: =VLOOKUP(A7,HR_Metrics_Raw!$1:$1048576,2,FALSE) -> 55294 | M7: =VLOOKUP(A7,HR_Metrics_Raw!$1:$1048576,3,FALSE) -> 1 | N7: =VLOOKUP(A7,HR_Metrics_Raw!$1:$1048576,4,FALSE) -> 1 | O7: =VLOOKUP(A7,HR_Metrics_Raw!$1:$1048576,5,FALSE) -> 0.897 | P7: =VLOOKUP(A7,HR_Metrics_Raw!$1:$1048576,6,FALSE) -> 23 | Q7: =VLOOKUP(A7,HR_Metrics_Raw!$1:$1048576,7,FALSE) -> Maternity/Paternity | R7: =VLOOKUP(A7,HR_Metrics_Raw!$1:$1048576,8,FALSE) -> No | S7: =VLOOKUP(A7,HR_Metrics_Raw!$1:$1048576,9,FALSE) -> 45 | T7: =VLOOKUP(A7,HR_Metrics_Raw!$1:$1048576,10,FALSE) -> Yes | U7: =VLOOKUP(A7,HR_Metrics_Raw!$1:$1048576,11,FALSE) -> No
A8: EMP12531 | B8: =VLOOKUP(Final_HR_Data!A8,Employee_Master_Raw!$1:$1048576,2,FALSE) -> Amit Das | C8: =VLOOKUP(A8,Employee_Master_Raw!$1:$1048576,3,FALSE) -> Female | D8: =VLOOKUP(A8,Employee_Master_Raw!$1:$1048576,4,FALSE) -> 49 | E8: =VLOOKUP(A8,Employee_Master_Raw!$1:$1048576,5,FALSE) -> Marketing | F8: =VLOOKUP(A8,Employee_Master_Raw!$1:$1048576,6,FALSE) -> Analyst | G8: =VLOOKUP(A8,Employee_Master_Raw!$1:$1048576,7,FALSE) -> Unknown | H8: =IF(VLOOKUP(A8,Employee_Master_Raw!$1:$1048576,8,FALSE)=0,"",VLOOKUP(A8,Employee_Master_Raw!$1:$1048576,8,FALSE)) -> 45259 | I8: =VLOOKUP(A8,Employee_Master_Raw!$1:$1048576,9,FALSE) -> MBA | J8: =VLOOKUP(A8,Employee_Master_Raw!$1:$1048576,10,FALSE) -> 2 | K8: =VLOOKUP(A8,Employee_Master_Raw!$1:$1048576,11,FALSE) -> Sneha Thomas | L8: =VLOOKUP(A8,HR_Metrics_Raw!$1:$1048576,2,FALSE) -> 179676 | M8: =VLOOKUP(A8,HR_Metrics_Raw!$1:$1048576,3,FALSE) -> 3 | N8: =VLOOKUP(A8,HR_Metrics_Raw!$1:$1048576,4,FALSE) -> 6 | O8: =VLOOKUP(A8,HR_Metrics_Raw!$1:$1048576,5,FALSE) -> 1 | P8: =VLOOKUP(A8,HR_Metrics_Raw!$1:$1048576,6,FALSE) -> 28 | Q8: =VLOOKUP(A8,HR_Metrics_Raw!$1:$1048576,7,FALSE) -> Casual | R8: =VLOOKUP(A8,HR_Metrics_Raw!$1:$1048576,8,FALSE) -> No | S8: =VLOOKUP(A8,HR_Metrics_Raw!$1:$1048576,9,FALSE) -> 60 | T8: =VLOOKUP(A8,HR_Metrics_Raw!$1:$1048576,10,FALSE) -> No | U8: =VLOOKUP(A8,HR_Metrics_Raw!$1:$1048576,11,FALSE) -> No
A9: EMP11621 | B9: =VLOOKUP(Final_HR_Data!A9,Employee_Master_Raw!$1:$1048576,2,FALSE) -> Priya Menon | C9: =VLOOKUP(A9,Employee_Master_Raw!$1:$1048576,3,FALSE) -> Female | D9: =VLOOKUP(A9,Employee_Master_Raw!$1:$1048576,4,FALSE) -> 58 | E9: =VLOOKUP(A9,Employee_Master_Raw!$1:$1048576,5,FALSE) -> IT | F9: =VLOOKUP(A9,Employee_Master_Raw!$1:$1048576,6,FALSE) -> Specialist | G9: =VLOOKUP(A9,Employee_Master_Raw!$1:$1048576,7,FALSE) -> Pune | H9: =IF(VLOOKUP(A9,Employee_Master_Raw!$1:$1048576,8,FALSE)=0,"",VLOOKUP(A9,Employee_Master_Raw!$1:$1048576,8,FALSE)) -> 45250 | I9: =VLOOKUP(A9,Employee_Master_Raw!$1:$1048576,9,FALSE) -> MCA | J9: =VLOOKUP(A9,Employee_Master_Raw!$1:$1048576,10,FALSE) -> 11 | K9: =VLOOKUP(A9,Employee_Master_Raw!$1:$1048576,11,FALSE) -> Rahul Nair | L9: =VLOOKUP(A9,HR_Metrics_Raw!$1:$1048576,2,FALSE) -> 173440 | M9: =VLOOKUP(A9,HR_Metrics_Raw!$1:$1048576,3,FALSE) -> 1 | N9: =VLOOKUP(A9,HR_Metrics_Raw!$1:$1048576,4,FALSE) -> 5 | O9: =VLOOKUP(A9,HR_Metrics_Raw!$1:$1048576,5,FALSE) -> 0.919 | P9: =VLOOKUP(A9,HR_Metrics_Raw!$1:$1048576,6,FALSE) -> 1 | Q9: =VLOOKUP(A9,HR_Metrics_Raw!$1:$1048576,7,FALSE) -> Sick | R9: =VLOOKUP(A9,HR_Metrics_Raw!$1:$1048576,8,FALSE) -> Yes | S9: =VLOOKUP(A9,HR_Metrics_Raw!$1:$1048576,9,FALSE) -> 25 | T9: =VLOOKUP(A9,HR_Metrics_Raw!$1:$1048576,10,FALSE) -> No | U9: =VLOOKUP(A9,HR_Metrics_Raw!$1:$1048576,11,FALSE) -> No
A10: EMP12522 | B10: =VLOOKUP(Final_HR_Data!A10,Employee_Master_Raw!$1:$1048576,2,FALSE) -> Ananya Sharma | C10: =VLOOKUP(A10,Employee_Master_Raw!$1:$1048576,3,FALSE) -> Female | D10: =VLOOKUP(A10,Employee_Master_Raw!$1:$1048576,4,FALSE) -> 59 | E10: =VLOOKUP(A10,Employee_Master_Raw!$1:$1048576,5,FALSE) -> FINANCE | F10: =VLOOKUP(A10,Employee_Master_Raw!$1:$1048576,6,FALSE) -> Developer | G10: =VLOOKUP(A10,Employee_Master_Raw!$1:$1048576,7,FALSE) -> Mumbai | H10: =IF(VLOOKUP(A10,Employee_Master_Raw!$1:$1048576,8,FALSE)=0,"",VLOOKUP(A10,Employee_Master_Raw!$1:$1048576,8,FALSE)) -> 45426 | I10: =VLOOKUP(A10,Employee_Master_Raw!$1:$1048576,9,FALSE) -> Master's | J10: =VLOOKUP(A10,Employee_Master_Raw!$1:$1048576,10,FALSE) -> 7 | K10: =VLOOKUP(A10,Employee_Master_Raw!$1:$1048576,11,FALSE) -> Priya Sharma | L10: =VLOOKUP(A10,HR_Metrics_Raw!$1:$1048576,2,FALSE) -> 37409 | M10: =VLOOKUP(A10,HR_Metrics_Raw!$1:$1048576,3,FALSE) -> 4 | N10: =VLOOKUP(A10,HR_Metrics_Raw!$1:$1048576,4,FALSE) -> 6 | O10: =VLOOKUP(A10,HR_Metrics_Raw!$1:$1048576,5,FALSE) -> 0.976 | P10: =VLOOKUP(A10,HR_Metrics_Raw!$1:$1048576,6,FALSE) -> 28 | Q10: =VLOOKUP(A10,HR_Metrics_Raw!$1:$1048576,7,FALSE) -> Unknown | R10: =VLOOKUP(A10,HR_Metrics_Raw!$1:$1048576,8,FALSE) -> No | S10: =VLOOKUP(A10,HR_Metrics_Raw!$1:$1048576,9,FALSE) -> 51 | T10: =VLOOKUP(A10,HR_Metrics_Raw!$1:$1048576,10,FALSE) -> No | U10: =VLOOKUP(A10,HR_Metrics_Raw!$1:$1048576,11,FALSE) -> No
A11: EMP11646 | B11: =VLOOKUP(Final_HR_Data!A11,Employee_Master_Raw!$1:$1048576,2,FALSE) -> Priya Menon | C11: =VLOOKUP(A11,Employee_Master_Raw!$1:$1048576,3,FALSE) -> Male | D11: =VLOOKUP(A11,Employee_Master_Raw!$1:$1048576,4,FALSE) -> 42 | E11: =VLOOKUP(A11,Employee_Master_Raw!$1:$1048576,5,FALSE) -> Customer Support | F11: =VLOOKUP(A11,Employee_Master_Raw!$1:$1048576,6,FALSE) -> Manager | G11: =VLOOKUP(A11,Employee_Master_Raw!$1:$1048576,7,FALSE) -> Bangalore | H11: =IF(VLOOKUP(A11,Employee_Master_Raw!$1:$1048576,8,FALSE)=0,"",VLOOKUP(A11,Employee_Master_Raw!$1:$1048576,8,FALSE)) -> 44319 | I11: =VLOOKUP(A11,Employee_Master_Raw!$1:$1048576,9,FALSE) -> MBA | J11: =VLOOKUP(A11,Employee_Master_Raw!$1:$1048576,10,FALSE) -> 1 | K11: =VLOOKUP(A11,Employee_Master_Raw!$1:$1048576,11,FALSE) -> Sneha Thomas | L11: =VLOOKUP(A11,HR_Metrics_Raw!$1:$1048576,2,FALSE) -> 105129 | M11: =VLOOKUP(A11,HR_Metrics_Raw!$1:$1048576,3,FALSE) -> 5 | N11: =VLOOKUP(A11,HR_Metrics_Raw!$1:$1048576,4,FALSE) -> 9 | O11: =VLOOKUP(A11,HR_Metrics_Raw!$1:$1048576,5,FALSE) -> 0.917 | P11: =VLOOKUP(A11,HR_Metrics_Raw!$1:$1048576,6,FALSE) -> 21 | Q11: =VLOOKUP(A11,HR_Metrics_Raw!$1:$1048576,7,FALSE) -> Maternity/Paternity | R11: =VLOOKUP(A11,HR_Metrics_Raw!$1:$1048576,8,FALSE) -> No | S11: =VLOOKUP(A11,HR_Metrics_Raw!$1:$1048576,9,FALSE) -> 35 | T11: =VLOOKUP(A11,HR_Metrics_Raw!$1:$1048576,10,FALSE) -> No | U11: =VLOOKUP(A11,HR_Metrics_Raw!$1:$1048576,11,FALSE) -> No
A12: EMP10183 | B12: =VLOOKUP(Final_HR_Data!A12,Employee_Master_Raw!$1:$1048576,2,FALSE) -> Rahul Kumar | C12: =VLOOKUP(A12,Employee_Master_Raw!$1:$1048576,3,FALSE) -> Female | D12: =VLOOKUP(A12,Employee_Master_Raw!$1:$1048576,4,FALSE) -> 27 | E12: =VLOOKUP(A12,Employee_Master_Raw!$1:$1048576,5,FALSE) -> Customer Support | F12: =VLOOKUP(A12,Employee_Master_Raw!$1:$1048576,6,FALSE) -> Analyst | G12: =VLOOKUP(A12,Employee_Master_Raw!$1:$1048576,7,FALSE) -> Mumbai | H12: =IF(VLOOKUP(A12,Employee_Master_Raw!$1:$1048576,8,FALSE)=0,"",VLOOKUP(A12,Employee_Master_Raw!$1:$1048576,8,FALSE)) -> 42496 | I12: =VLOOKUP(A12,Employee_Master_Raw!$1:$1048576,9,FALSE) -> Bachelor's | J12: =VLOOKUP(A12,Employee_Master_Raw!$1:$1048576,10,FALSE) -> 16 | K12: =VLOOKUP(A12,Employee_Master_Raw!$1:$1048576,11,FALSE) -> Rahul Nair | L12: =VLOOKUP(A12,HR_Metrics_Raw!$1:$1048576,2,FALSE) -> 46078 | M12: =VLOOKUP(A12,HR_Metrics_Raw!$1:$1048576,3,FALSE) -> 4 | N12: =VLOOKUP(A12,HR_Metrics_Raw!$1:$1048576,4,FALSE) -> 3 | O12: =VLOOKUP(A12,HR_Metrics_Raw!$1:$1048576,5,FALSE) -> 0.845 | P12: =VLOOKUP(A12,HR_Metrics_Raw!$1:$1048576,6,FALSE) -> 23 | Q12: =VLOOKUP(A12,HR_Metrics_Raw!$1:$1048576,7,FALSE) -> Earned | R12: =VLOOKUP(A12,HR_Metrics_Raw!$1:$1048576,8,FALSE) -> No | S12: =VLOOKUP(A12,HR_Metrics_Raw!$1:$1048576,9,FALSE) -> 54 | T12: =VLOOKUP(A12,HR_Metrics_Raw!$1:$1048576,10,FALSE) -> No | U12: =VLOOKUP(A12,HR_Metrics_Raw!$1:$1048576,11,FALSE) -> No
A13: EMP11017 | B13: =VLOOKUP(Final_HR_Data!A13,Employee_Master_Raw!$1:$1048576,2,FALSE) -> Rahul Kumar | C13: =VLOOKUP(A13,Employee_Master_Raw!$1:$1048576,3,FALSE) -> Male | D13: =VLOOKUP(A13,Employee_Master_Raw!$1:$1048576,4,FALSE) -> 45 | E13: =VLOOKUP(A13,Employee_Master_Raw!$1:$1048576,5,FALSE) -> Operations | F13: =VLOOKUP(A13,Employee_Master_Raw!$1:$1048576,6,FALSE) -> Specialist | G13: =VLOOKUP(A13,Employee_Master_Raw!$1:$1048576,7,FALSE) -> Chennai | H13: =IF(VLOOKUP(A13,Employee_Master_Raw!$1:$1048576,8,FALSE)=0,"",VLOOKUP(A13,Employee_Master_Raw!$1:$1048576,8,FALSE)) -> 44058 | I13: =VLOOKUP(A13,Employee_Master_Raw!$1:$1048576,9,FALSE) -> MCA | J13: =VLOOKUP(A13,Employee_Master_Raw!$1:$1048576,10,FALSE) -> 6 | K13: =VLOOKUP(A13,Employee_Master_Raw!$1:$1048576,11,FALSE) -> Sneha Thomas | L13: =VLOOKUP(A13,HR_Metrics_Raw!$1:$1048576,2,FALSE) -> 53396 | M13: =VLOOKUP(A13,HR_Metrics_Raw!$1:$1048576,3,FALSE) -> 1 | N13: =VLOOKUP(A13,HR_Metrics_Raw!$1:$1048576,4,FALSE) -> 8 | O13: =VLOOKUP(A13,HR_Metrics_Raw!$1:$1048576,5,FALSE) -> 1 | P13: =VLOOKUP(A13,HR_Metrics_Raw!$1:$1048576,6,FALSE) -> 13 | Q13: =VLOOKUP(A13,HR_Metrics_Raw!$1:$1048576,7,FALSE) -> Maternity/Paternity | R13: =VLOOKUP(A13,HR_Metrics_Raw!$1:$1048576,8,FALSE) -> No | S13: =VLOOKUP(A13,HR_Metrics_Raw!$1:$1048576,9,FALSE) -> 17 | T13: =VLOOKUP(A13,HR_Metrics_Raw!$1:$1048576,10,FALSE) -> No | U13: =VLOOKUP(A13,HR_Metrics_Raw!$1:$1048576,11,FALSE) -> Yes
... A3001: EMP11147 | B3001: =VLOOKUP(Final_HR_Data!A3001,Employee_Master_Raw!$1:$1048576,2,FALSE) -> Neha Thomas | C3001: =VLOOKUP(A3001,Employee_Master_Raw!$1:$1048576,3,FALSE) -> Male | D3001: =VLOOKUP(A3001,Employee_Master_Raw!$1:$1048576,4,FALSE) -> 56 | E3001: =VLOOKUP(A3001,Employee_Master_Raw!$1:$1048576,5,FALSE) -> Customer Support | F3001: =VLOOKUP(A3001,Employee_Master_Raw!$1:$1048576,6,FALSE) -> Executive | G3001: =VLOOKUP(A3001,Employee_Master_Raw!$1:$1048576,7,FALSE) -> Chennai | H3001: =IF(VLOOKUP(A3001,Employee_Master_Raw!$1:$1048576,8,FALSE)=0,"",VLOOKUP(A3001,Employee_Master_Raw!$1:$1048576,8,FALSE)) -> 43328 | I3001: =VLOOKUP(A3001,Employee_Master_Raw!$1:$1048576,9,FALSE) -> Master's | J3001: =VLOOKUP(A3001,Employee_Master_Raw!$1:$1048576,10,FALSE) -> 2 | K3001: =VLOOKUP(A3001,Employee_Master_Raw!$1:$1048576,11,FALSE) -> Anil Menon | L3001: =VLOOKUP(A3001,HR_Metrics_Raw!$1:$1048576,2,FALSE) -> 126039 | M3001: =VLOOKUP(A3001,HR_Metrics_Raw!$1:$1048576,3,FALSE) -> 3 | N3001: =VLOOKUP(A3001,HR_Metrics_Raw!$1:$1048576,4,FALSE) -> 9 | O3001: =VLOOKUP(A3001,HR_Metrics_Raw!$1:$1048576,5,FALSE) -> 1 | P3001: =VLOOKUP(A3001,HR_Metrics_Raw!$1:$1048576,6,FALSE) -> 0 | Q3001: =VLOOKUP(A3001,HR_Metrics_Raw!$1:$1048576,7,FALSE) -> Unpaid | R3001: =VLOOKUP(A3001,HR_Metrics_Raw!$1:$1048576,8,FALSE) -> Yes | S3001: =VLOOKUP(A3001,HR_Metrics_Raw!$1:$1048576,9,FALSE) -> 14 | T3001: =VLOOKUP(A3001,HR_Metrics_Raw!$1:$1048576,10,FALSE) -> No | U3001: =VLOOKUP(A3001,HR_Metrics_Raw!$1:$1048576,11,FALSE) -> No

Sheet Pivot Tables
A1: Row Labels | B1: Count of Employee ID | L1: Count of Employee ID | M1: Column Labels
A2: Customer Support | B2: 399 | L2: Row Labels | M2: No | N2: Yes | O2: Grand Total
A3: FINANCE | B3: 460 | L3: Customer Support | M3: 355 | N3: 44 | O3: 399
A4: HR | B4: 409 | L4: FINANCE | M4: 412 | N4: 48 | O4: 460
A5: IT | B5: 421 | L5: HR | M5: 370 | N5: 39 | O5: 409
A6: Marketing | B6: 447 | L6: IT | M6: 367 | N6: 54 | O6: 421
A7: Operations | B7: 407 | L7: Marketing | M7: 388 | N7: 59 | O7: 447
A8: Sales | B8: 413 | L8: Operations | M8: 360 | N8: 47 | O8: 407
A9: Unknown | B9: 44 | L9: Sales | M9: 355 | N9: 58 | O9: 413
A10: Grand Total | B10: 3000 | L10: Unknown | M10: 37 | N10: 7 | O10: 44
L11: Grand Total | M11: 2644 | N11: 356 | O11: 3000
A20: Row Labels | B20: Average of Monthly Salary | M20: Row Labels | N20: Average of Performance Rating
A21: Customer Support | B21: 101334.76 | M21: Customer Support | N21: 3.047619
A22: FINANCE | B22: 101435.41 | M22: FINANCE | N22: 3.0282609
A23: HR | B23: 104271.08 | M23: HR | N23: 3.1369193
A24: IT | B24: 103093.3 | M24: IT | N24: 2.9667458
A25: Marketing | B25: 102315.69 | M25: Marketing | N25: 2.8903803
A26: Operations | B26: 106284.69 | M26: Operations | N26: 3.022113
A27: Sales | B27: 101381.63 | M27: Sales | N27: 2.9588378
A28: Unknown | B28: 112102.34 | M28: Unknown | N28: 2.9318182
A29: Grand Total | B29: 102979.37 | M29: Grand Total | N29: 3.0046667
L37: Row Labels | M37: Count of Employee ID
A38: Row Labels | B38: Average of Job Satisfaction | L38: Casual | M38: 597
A39: Customer Support | B39: 5.4661654 | L39: Earned | M39: 569
A40: FINANCE | B40: 5.2369565 | L40: Maternity/Paternity | M40: 582
A41: HR | B41: 5.7017115 | L41: Sick | M41: 647
A42: IT | B42: 5.6033254 | L42: Unknown | M42: 46
A43: Marketing | B43: 5.1991051 | L43: Unpaid | M43: 559
A44: Operations | B44: 5.3808354 | L44: Grand Total | M44: 3000
A45: Sales | B45: 5.5060533
A46: Unknown | B46: 5.8181818
A47: Grand Total | B47: 5.4416667
A54: Count of Employee ID | B54: Column Labels | N54: Row Labels | O54: Average of Training Hours
A55: Row Labels | B55: No | C55: Yes | D55: Grand Total | N55: Customer Support | O55: 40.581454
A56: Customer Support | B56: 273 | C56: 126 | D56: 399 | N56: FINANCE | O56: 39.41087
A57: FINANCE | B57: 346 | C57: 114 | D57: 460 | N57: HR | O57: 39.403423
A58: HR | B58: 303 | C58: 106 | D58: 409 | N58: IT | O58: 39.76247
A59: IT | B59: 292 | C59: 129 | D59: 421 | N59: Marketing | O59: 38.818792
A60: Marketing | B60: 317 | C60: 130 | D60: 447 | N60: Operations | O60: 39.058968
A61: Operations | B61: 301 | C61: 106 | D61: 407 | N61: Sales | O61: 42.012107
A62: Sales | B62: 301 | C62: 112 | D62: 413 | N62: Unknown | O62: 44.795455
A63: Unknown | B63: 29 | C63: 15 | D63: 44 | N63: Grand Total | O63: 39.916
A64: Grand Total | B64: 2162 | C64: 838 | D64: 3000
A72: Count of Employee ID | B72: Column Labels | M72: Count of Employee ID | N72: Column Labels
A73: Row Labels | B73: No | C73: Yes | D73: Grand Total | M73: Row Labels | N73: No | O73: Yes | P73: Grand Total
A74: Customer Support | B74: 337 | C74: 62 | D74: 399 | M74: Analyst | N74: 550 | O74: 75 | P74: 625
A75: FINANCE | B75: 380 | C75: 80 | D75: 460 | M75: Developer | N75: 515 | O75: 64 | P75: 579
A76: HR | B76: 339 | C76: 70 | D76: 409 | M76: Executive | N76: 537 | O76: 79 | P76: 616
A77: IT | B77: 343 | C77: 78 | D77: 421 | M77: Manager | N77: 525 | O77: 76 | P77: 601
A78: Marketing | B78: 367 | C78: 80 | D78: 447 | M78: Specialist | N78: 517 | O78: 62 | P78: 579
A79: Operations | B79: 326 | C79: 81 | D79: 407 | M79: Grand Total | N79: 2644 | O79: 356 | P79: 3000
A80: Sales | B80: 343 | C80: 70 | D80: 413
A81: Unknown | B81: 37 | C81: 7 | D81: 44
A82: Grand Total | B82: 2472 | C82: 528 | D82: 3000
A89: Count of Employee ID | B89: Column Labels
A90: Row Labels | B90: No | C90: Yes | D90: Grand Total | M90: Count of Employee ID | N90: Column Labels
A91: Female | B91: 1286 | C91: 176 | D91: 1462 | M91: Row Labels | N91: No | O91: Yes | P91: Grand Total
A92: Male | B92: 1358 | C92: 180 | D92: 1538 | M92: 1 | N92: 287 | O92: 39 | P92: 326
A93: Grand Total | B93: 2644 | C93: 356 | D93: 3000 | M93: 2 | N93: 249 | O93: 32 | P93: 281
M94: 3 | N94: 260 | O94: 39 | P94: 299
M95: 4 | N95: 249 | O95: 42 | P95: 291
M96: 5 | N96: 300 | O96: 41 | P96: 341
M97: 6 | N97: 261 | O97: 30 | P97: 291
M98: 7 | N98: 270 | O98: 23 | P98: 293
M99: 8 | N99: 261 | O99: 39 | P99: 300
M100: 9 | N100: 269 | O100: 37 | P100: 306
M101: 10 | N101: 238 | O101: 34 | P101: 272
M102: Grand Total | N102: 2644 | O102: 356 | P102: 3000
M107: Count of Employee ID | N107: Column Labels
A108: Count of Employee ID | B108: Column Labels | M108: Row Labels | N108: No | O108: Yes | P108: Grand Total
A109: Row Labels | B109: No | C109: Yes | D109: Grand Total | M109: 1 | N109: 515 | O109: 88 | P109: 603
A110: No | B110: 1893 | C110: 269 | D110: 2162 | M110: 2 | N110: 499 | O110: 61 | P110: 560
A111: Yes | B111: 751 | C111: 87 | D111: 838 | M111: 3 | N111: 579 | O111: 70 | P111: 649
A112: Grand Total | B112: 2644 | C112: 356 | D112: 3000 | M112: 4 | N112: 529 | O112: 67 | P112: 596
M113: 5 | N113: 522 | O113: 70 | P113: 592
M114: Grand Total | N114: 2644 | O114: 356 | P114: 3000
L120: Row Labels | M120: Average of Monthly Salary
A121: Row Labels | B121: Count of Employee ID | L121: Analyst | M121: 105716.46
A122: Bangalore | B122: 454 | L122: Developer | M122: 99864.005
A123: Chennai | B123: 450 | L123: Executive | M123: 105060.24
A124: Delhi | B124: 414 | L124: Manager | M124: 103010.09
A125: Hyderabad | B125: 381 | L125: Specialist | M125: 100894.46
A126: Kochi | B126: 413 | L126: Grand Total | M126: 102979.37
A127: Mumbai | B127: 430
A128: Pune | B128: 412
A129: Unknown | B129: 46
A130: Grand Total | B130: 3000
A137: Attrition | B137: (All)
A139: Count of Employee ID | B139: Column Labels
A140: Row Labels | B140: Female | C140: Male | D140: Grand Total
A141: Customer Support | B141: 201 | C141: 198 | D141: 399
A142: FINANCE | B142: 207 | C142: 253 | D142: 460
A143: HR | B143: 187 | C143: 222 | D143: 409
A144: IT | B144: 214 | C144: 207 | D144: 421
A145: Marketing | B145: 228 | C145: 219 | D145: 447
A146: Operations | B146: 212 | C146: 195 | D146: 407
A147: Sales | B147: 192 | C147: 221 | D147: 413
A148: Unknown | B148: 21 | C148: 23 | D148: 44
A149: Grand Total | B149: 1462 | C149: 1538 | D149: 3000
